210000118841, BRG25
210000118842, BRG25
210000118840, BRG25
210000118843, BRG25
210000120044, BRG25
210000125116, BRG25
210000128072, BRG25
210000128281, BRG25
210000130720, BRG25
210000125387, BRG25
210000125388, BRG25
210000125389, BRG25
210000125390, BRG25
210000125382, BRG25
210000125383, BRG25
210000125384, BRG25
210000125385, BRG25
210000125386, BRG25
210000043984, BRG25
210000074299, BRG25
210000074243, BRG25
210000074245, BRG25
210000043992, BRG25
210000043994, BRG25
210000043996, BRG25
210000043998, BRG25
210000044000, BRG25
210000044002, BRG25
210000106080, BRG25
210000106084, BRG25
210000109935, BRG25
210000106468, BRG25
210000117290, BRG25
210000109936, BRG25
210000106085, BRG25
210000106077, BRG25
210000106076, BRG25
210000116628, BRG25
210000117289, BRG25
210000106081, BRG25
210000106078, BRG25
210000106079, BRG25
210000106083, BRG25
210000131807, BRG25
210000131808, BRG25
210000131809, BRG25
210000131810, BRG25
210000131812, BRG25
210000131811, BRG25
210000106082, BRG25
210000117240, BRG25
210000107132, BRG25
210000106472, BRG25
210000106470, BRG25
210000106471, BRG25
210000107896, BRG25
210000107897, BRG25
210000116678, BRG25
210000106098, BRG25
210000106097, BRG25
210000116679, BRG25
210000116681, BRG25
210000117302, BRG25
210000116680, BRG25
210000131851, BRG25
210000131850, BRG25
210000131846, BRG25
210000131847, BRG25
210000131848, BRG25
210000131849, BRG25
210000132166, BRG25
210000069134, BRG25
210000069138, BRG25
210000069136, BRG25
210000096730, BRG25
210000096733, BRG25
210000096734, BRG25
210000096735, BRG25
210000096736, BRG25
210000096737, BRG25
210000096738, BRG25
210000096739, BRG25
210000105113, BRG25
210000105114, BRG25
210000105115, BRG25
210000105116, BRG25
210000096732, BRG25
210000096731, BRG25
210000095957, BRG25
210000095959, BRG25
210000095961, BRG25
210000095963, BRG25
210000095965, BRG25
210000095967, BRG25
210000095969, BRG25
210000095971, BRG25
210000095973, BRG25
210000095975, BRG25
210000095977, BRG25
210000095979, BRG25
210000095981, BRG25
210000095983, BRG25
210000095985, BRG25
210000095987, BRG25
210000095989, BRG25
210000095991, BRG25
210000095993, BRG25
210000095995, BRG25
210000095997, BRG25
210000095999, BRG25
210000096001, BRG25
210000096003, BRG25
210000096005, BRG25
210000096016, BRG25
210000096023, BRG25
210000096025, BRG25
210000097217, BRG25
210000097216, BRG25
210000097213, BRG25
210000097212, BRG25
210000097215, BRG25
210000114352, BRG25
210000116631, BRG25
210000114353, BRG25
210000114354, BRG25
210000097211, BRG25
210000114351, BRG25
210000118044, BRG25
210000131772, BRG25
210000131777, BRG25
210000131771, BRG25
210000131773, BRG25
210000131774, BRG25
210000131775, BRG25
210000131776, BRG25
210000131778, BRG25
210000131770, BRG25
210000097225, BRG25
210000097226, BRG25
210000097214, BRG25
210000097224, BRG25
210000097227, BRG25
210000097218, BRG25
210000050061, BRG25
210000050067, BRG25
210000133895, BRG25
210000133914, BRG25
210000133913, BRG25
210000133971, BRG25
210000088019, BRG25
210000088001, BRG25
210000088011, BRG25
210000088009, BRG25
210000088007, BRG25
210000088005, BRG25
210000088003, BRG25
210000088017, BRG25
210000088015, BRG25
210000088013, BRG25
210000132444, BRG25
210000132445, BRG25
210000130502, BRG25
210000132430, BRG25
210000132449, BRG25
210000132021, BRG25
210000130501, BRG25
210000131410, BRG25
210000132120, BRG25
210000090568, BRG25
210000106484, BRG25
210000106486, BRG25
210000106487, BRG25
210000090563, BRG25
210000090564, BRG25
210000090561, BRG25
210000090560, BRG25
210000106483, BRG25
210000090567, BRG25
210000090565, BRG25
210000090562, BRG25
210000087533, BRG25
210000087532, BRG25
210000087535, BRG25
210000090559, BRG25
210000087534, BRG25
210000087546, BRG25
210000087545, BRG25
210000090566, BRG25
210000106485, BRG25
210000132176, BRG25
210000132175, BRG25
210000132174, BRG25
210000114185, BRG25
210000114246, BRG25
210000114374, BRG25
210000114375, BRG25
210000114717, BRG25
210000132011, BRG25
210000132010, BRG25
210000135091, BRG25
210000135092, BRG25
210000135090, BRG25
210000133153, BRG25
210000133154, BRG25
210000133155, BRG25
210000133651, BRG25
210000133927, BRG25
210000133926, BRG25
210000113278, BRG25
210000113272, BRG25
210000113273, BRG25
210000113275, BRG25
210000113274, BRG25
210000113277, BRG25
210000113276, BRG25
210000131989, BRG25
210000132003, BRG25
210000132004, BRG25
210000137129, BRG25
210000137321, BRG25
210000113544, BRG25
210000113545, BRG25
210000113541, BRG25
210000113543, BRG25
210000113542, BRG25
210000120045, BRG25
210000120043, BRG25
210000130517, BRG25
210000095018, BRG25
210000097606, BRG25
210000097604, BRG25
210000094765, BRG25
210000095060, BRG25
210000094766, BRG25
210000094767, BRG25
210000097605, BRG25
210000095059, BRG25
210000116317, BRG25
210000116318, BRG25
210000116319, BRG25
210000116320, BRG25
210000116326, BRG25
210000116321, BRG25
210000116322, BRG25
210000116323, BRG25
210000116324, BRG25
210000094180, BRG25
210000094179, BRG25
210000094178, BRG25
210000094181, BRG25
210000094177, BRG25
210000094182, BRG25
210000094176, BRG25
210000094175, BRG25
210000116642, BRG25
210000116643, BRG25
210000116647, BRG25
210000116644, BRG25
210000116646, BRG25
210000116645, BRG25
210000116675, BRG25
210000131938, BRG25
210000131937, BRG25
210000071286, BRG25
210000097539, BRG25
210000097537, BRG25
210000097543, BRG25
210000097561, BRG25
210000097563, BRG25
210000097533, BRG25
210000097529, BRG25
210000097527, BRG25
210000107190, BRG25
210000113905, BRG25
210000114356, BRG25
210000116627, BRG25
210000097531, BRG25
210000107191, BRG25
210000107224, BRG25
210000089944, BRG25
210000089734, BRG25
210000087205, BRG25
210000087204, BRG25
210000087203, BRG25
210000087206, BRG25
210000087202, BRG25
210000087201, BRG25
210000087200, BRG25
210000087199, BRG25
210000087198, BRG25
210000087197, BRG25
210000087196, BRG25
210000087195, BRG25
210000132433, BRG25
210000099223, BRG25
210000100033, BRG25
210000100798, BRG25
210000106503, BRG25
210000106502, BRG25
210000106500, BRG25
210000106495, BRG25
210000106494, BRG25
210000106492, BRG25
210000114704, BRG25
210000114703, BRG25
210000114701, BRG25
210000114708, BRG25
210000114707, BRG25
210000114705, BRG25
210000114700, BRG25
210000114699, BRG25
210000114697, BRG25
210000124516, BRG25
210000120162, BRG25
210000124515, BRG25
210000130582, BRG25
210000130584, BRG25
210000132245, BRG25
210000132251, BRG25
210000132253, BRG25
210000132256, BRG25
210000132248, BRG25
210000132249, BRG25
210000132252, BRG25
210000132255, BRG25
210000132246, BRG25
210000132247, BRG25
210000132250, BRG25
210000132254, BRG25
210000130606, BRG25
210000100799, BRG25
210000106493, BRG25
210000124514, BRG25
210000106501, BRG25
210000114698, BRG25
210000114702, BRG25
210000114706, BRG25
210000130653, BRG25
210000130596, BRG25
210000130654, BRG25
210000130649, BRG25
210000130650, BRG25
210000130588, BRG25
210000130585, BRG25
210000130587, BRG25
210000130583, BRG25
210000104239, BRG25
210000103635, BRG25
210000103636, BRG25
210000103637, BRG25
210000087211, BRG25
210000087213, BRG25
210000087210, BRG25
210000087212, BRG25
210000087209, BRG25
210000087208, BRG25
210000087207, BRG25
210000089495, BRG25
210000087217, BRG25
210000087216, BRG25
210000087215, BRG25
210000087214, BRG25
210000093351, BRG25
210000093352, BRG25
210000087258, BRG25
210000087257, BRG25
210000087256, BRG25
210000087255, BRG25
210000087254, BRG25
210000087253, BRG25
210000098155, BRG25
210000098156, BRG25
210000098157, BRG25
210000098158, BRG25
210000098159, BRG25
210000098160, BRG25
210000082260, BRG25
210000080124, BRG25
210000080123, BRG25
210000080122, BRG25
210000080120, BRG25
210000116476, BRG25
210000135086, BRG25
210000135924, BRG25
210000135925, BRG25
210000136072, BRG25
210000090607, BRG25
210000096261, BRG25
210000096262, BRG25
210000090600, BRG25
210000090598, BRG25
210000090603, BRG25
210000090557, BRG25
210000090609, BRG25
210000090556, BRG25
210000096260, BRG25
210000090594, BRG25
210000096259, BRG25
210000090601, BRG25
210000090558, BRG25
210000090596, BRG25
210000090605, BRG25
210000132008, BRG25
210000132007, BRG25
210000133934, BRG25
210000134449, BRG25
210000134456, BRG25
210000134545, BRG25
210000134562, BRG25
210000137982, BRG25
210000116632, BRG25
210000114277, BRG25
210000116633, BRG25
210000114276, BRG25
210000131871, BRG25
210000131872, BRG25
210000131870, BRG25
210000131873, BRG25
210000100391, BRG25
210000100403, BRG25
210000100407, BRG25
210000100409, BRG25
210000131977, BRG25
210000100304, BRG25
210000100306, BRG25
210000100310, BRG25
210000100312, BRG25
210000100317, BRG25
210000100320, BRG25
210000100321, BRG25
210000100311, BRG25
210000100313, BRG25
210000100314, BRG25
210000100315, BRG25
210000100316, BRG25
210000100322, BRG25
210000080315, BRG25
210000080316, BRG25
210000080317, BRG25
210000080318, BRG25
210000080319, BRG25
210000080320, BRG25
210000080321, BRG25
210000080322, BRG25
210000080323, BRG25
210000087235, BRG25
210000087234, BRG25
210000087233, BRG25
210000087232, BRG25
210000087231, BRG25
210000087230, BRG25
210000087229, BRG25
210000087228, BRG25
210000087227, BRG25
210000087226, BRG25
210000087225, BRG25
210000093380, BRG25
210000087236, BRG25
210000087237, BRG25
210000087238, BRG25
210000087239, BRG25
210000087240, BRG25
210000093378, BRG25
210000080223, BRG25
210000079930, BRG25
210000079931, BRG25
210000079939, BRG25
210000079940, BRG25
210000080225, BRG25
210000080224, BRG25
210000079935, BRG25
210000094500, BRG25
210000079934, BRG25
210000079929, BRG25
210000080212, BRG25
210000080213, BRG25
210000080214, BRG25
210000079927, BRG25
210000080206, BRG25
210000080208, BRG25
210000080209, BRG25
210000080210, BRG25
210000079932, BRG25
210000079936, BRG25
210000080200, BRG25
210000080207, BRG25
210000080215, BRG25
210000080222, BRG25
210000080201, BRG25
210000080202, BRG25
210000080203, BRG25
210000080204, BRG25
210000080220, BRG25
210000080205, BRG25
210000080216, BRG25
210000080217, BRG25
210000080218, BRG25
210000080219, BRG25
210000080211, BRG25
210000079933, BRG25
210000079928, BRG25
210000080221, BRG25
210000079937, BRG25
210000079938, BRG25
210000109471, BRG25
210000109472, BRG25
210000109465, BRG25
210000109468, BRG25
210000109467, BRG25
210000113564, BRG25
210000113797, BRG25
210000113985, BRG25
210000118598, BRG25
210000118599, BRG25
210000131737, BRG25
210000131745, BRG25
210000131744, BRG25
210000131743, BRG25
210000131746, BRG25
210000099815, BRG25
210000111786, BRG25
210000099823, BRG25
210000099819, BRG25
210000099821, BRG25
210000099825, BRG25
210000099817, BRG25
210000099827, BRG25
210000132336, BRG25
210000132335, BRG25
210000103199, BRG25
210000103032, BRG25
210000099829, BRG25
210000099958, BRG25
210000099959, BRG25
210000099960, BRG25
210000099961, BRG25
210000132342, BRG25
210000132343, BRG25
210000132340, BRG25
210000132341, BRG25
210000087099, BRG25
210000087101, BRG25
210000087103, BRG25
210000087100, BRG25
210000097620, BRG25
210000087102, BRG25
210000114524, BRG25
210000114525, BRG25
210000114526, BRG25
210000114527, BRG25
210000114528, BRG25
210000114529, BRG25
210000114530, BRG25
210000114531, BRG25
210000114532, BRG25
210000114533, BRG25
210000114534, BRG25
210000114535, BRG25
210000114536, BRG25
210000132324, BRG25
210000132320, BRG25
210000132321, BRG25
210000132322, BRG25
210000132323, BRG25
210000132327, BRG25
210000132328, BRG25
210000132325, BRG25
210000132326, BRG25
210000114552, BRG25
210000114553, BRG25
210000114554, BRG25
210000114555, BRG25
210000114556, BRG25
210000114557, BRG25
210000114558, BRG25
210000114559, BRG25
210000132241, BRG25
210000132238, BRG25
210000132239, BRG25
210000132242, BRG25
210000132236, BRG25
210000132243, BRG25
210000132237, BRG25
210000132240, BRG25
210000054238, BRG25
210000054099, BRG25
210000079333, BRG25
210000079343, BRG25
210000087523, BRG25
210000087526, BRG25
210000079345, BRG25
210000079334, BRG25
210000079342, BRG25
210000087525, BRG25
210000079341, BRG25
210000054103, BRG25
210000054091, BRG25
210000079344, BRG25
210000110529, BRG25
210000054101, BRG25
210000054093, BRG25
210000054095, BRG25
210000079310, BRG25
210000113339, BRG25
210000113340, BRG25
210000113341, BRG25
210000079313, BRG25
210000087524, BRG25
210000114253, BRG25
210000114257, BRG25
210000114561, BRG25
210000114560, BRG25
210000130621, BRG25
210000130620, BRG25
210000130622, BRG25
210000130619, BRG25
210000130625, BRG25
210000130624, BRG25
210000130626, BRG25
210000130623, BRG25
210000130629, BRG25
210000130628, BRG25
210000130627, BRG25
210000130630, BRG25
210000130631, BRG25
210000130632, BRG25
210000130633, BRG25
210000130634, BRG25
210000130635, BRG25
210000130637, BRG25
210000130638, BRG25
210000130636, BRG25
210000130639, BRG25
210000130640, BRG25
210000130652, BRG25
210000130651, BRG25
210000110537, BRG25
210000110531, BRG25
210000110533, BRG25
210000110534, BRG25
210000110539, BRG25
210000110540, BRG25
210000110541, BRG25
210000110546, BRG25
210000110547, BRG25
210000110548, BRG25
210000110549, BRG25
210000110542, BRG25
210000110530, BRG25
210000110538, BRG25
210000110545, BRG25
210000110532, BRG25
210000110544, BRG25
210000110535, BRG25
210000110543, BRG25
210000110536, BRG25
210000114256, BRG25
210000114690, BRG25
210000114691, BRG25
210000114692, BRG25
210000114689, BRG25
210000114693, BRG25
210000114694, BRG25
210000114695, BRG25
210000114696, BRG25
210000117944, BRG25
210000118054, BRG25
210000118796, BRG25
210000130613, BRG25
210000130614, BRG25
210000130611, BRG25
210000130612, BRG25
210000130615, BRG25
210000130616, BRG25
210000130617, BRG25
210000130618, BRG25
210000130644, BRG25
210000130645, BRG25
210000130646, BRG25
210000130642, BRG25
210000130643, BRG25
210000130647, BRG25
210000130641, BRG25
210000130648, BRG25
210000132258, BRG25
210000132259, BRG25
210000132263, BRG25
210000132261, BRG25
210000132260, BRG25
210000132264, BRG25
210000132265, BRG25
210000132262, BRG25
210000087565, BRG25
210000087567, BRG25
210000087564, BRG25
210000087566, BRG25
210000079367, BRG25
210000079371, BRG25
210000079365, BRG25
210000079369, BRG25
210000079361, BRG25
210000079363, BRG25
210000079360, BRG25
210000079362, BRG25
210000079353, BRG25
210000079355, BRG25
210000079352, BRG25
210000079354, BRG25
210000079358, BRG25
210000079359, BRG25
210000079356, BRG25
210000079357, BRG25
210000128097, BRG25
210000128099, BRG25
210000128098, BRG25
210000132436, BRG25
210000079368, BRG25
210000079366, BRG25
210000079364, BRG25
210000103355, BRG25
210000103363, BRG25
210000103356, BRG25
210000103358, BRG25
210000103359, BRG25
210000103360, BRG25
210000103361, BRG25
210000103362, BRG25
210000103364, BRG25
210000103365, BRG25
210000103357, BRG25
210000103366, BRG25
210000103369, BRG25
210000104675, BRG25
210000103829, BRG25
210000103367, BRG25
210000103368, BRG25
210000131950, BRG25
210000088293, BRG25
210000088291, BRG25
210000088295, BRG25
210000094174, BRG25
210000093437, BRG25
210000093438, BRG25
210000093439, BRG25
210000093440, BRG25
210000093441, BRG25
210000093447, BRG25
210000093442, BRG25
210000093443, BRG25
210000093444, BRG25
210000093445, BRG25
210000093446, BRG25
210000095390, BRG25
210000095391, BRG25
210000095392, BRG25
210000095393, BRG25
210000095394, BRG25
210000095395, BRG25
210000095396, BRG25
210000095397, BRG25
210000095398, BRG25
210000095399, BRG25
210000095400, BRG25
210000095401, BRG25
210000095402, BRG25
210000095403, BRG25
210000095404, BRG25
210000095405, BRG25
210000095406, BRG25
210000093456, BRG25
210000093457, BRG25
210000093464, BRG25
210000093461, BRG25
210000093460, BRG25
210000093459, BRG25
210000093458, BRG25
210000080159, BRG25
210000080165, BRG25
210000080160, BRG25
210000080167, BRG25
210000080161, BRG25
210000080166, BRG25
210000130928, BRG25
210000088721, BRG25
210000088727, BRG25
210000088725, BRG25
210000088723, BRG25
210000088729, BRG25
210000088731, BRG25
210000127142, BRG25
210000088410, BRG25
210000088426, BRG25
210000088404, BRG25
210000092940, BRG25
210000088430, BRG25
210000088428, BRG25
210000088406, BRG25
210000132214, BRG25
210000132211, BRG25
210000132200, BRG25
210000132210, BRG25
210000132212, BRG25
210000132201, BRG25
210000132202, BRG25
210000132207, BRG25
210000132208, BRG25
210000132223, BRG25
210000132203, BRG25
210000132204, BRG25
210000132205, BRG25
210000132206, BRG25
210000132209, BRG25
210000132213, BRG25
210000132215, BRG25
210000132220, BRG25
210000132221, BRG25
210000132217, BRG25
210000132218, BRG25
210000132219, BRG25
210000132222, BRG25
210000132216, BRG25
210000134713, BRG25
210000134714, BRG25
210000088394, BRG25
210000088436, BRG25
210000088434, BRG25
210000088432, BRG25
210000088416, BRG25
210000088418, BRG25
210000088402, BRG25
210000088400, BRG25
210000088398, BRG25
210000088396, BRG25
210000131633, BRG25
210000131990, BRG25
210000131991, BRG25
210000131992, BRG25
210000131993, BRG25
210000131994, BRG25
210000131995, BRG25
210000131999, BRG25
210000132000, BRG25
210000132001, BRG25
210000132049, BRG25
210000132050, BRG25
210000132103, BRG25
210000132128, BRG25
210000132413, BRG25
210000132412, BRG25
210000132432, BRG25
210000132473, BRG25
210000132422, BRG25
210000132061, BRG25
210000132127, BRG25
210000132419, BRG25
210000132418, BRG25
210000132474, BRG25
210000068939, BRG25
210000068931, BRG25
210000068971, BRG25
210000068969, BRG25
210000068913, BRG25
210000068935, BRG25
210000068972, BRG25
210000068993, BRG25
210000068967, BRG25
210000068970, BRG25
210000068974, BRG25
210000068938, BRG25
210000068937, BRG25
210000068929, BRG25
210000068936, BRG25
210000068933, BRG25
210000068968, BRG25
210000074814, BRG25
210000083199, BRG25
210000083193, BRG25
210000083194, BRG25
210000083195, BRG25
210000083197, BRG25
210000083198, BRG25
210000083204, BRG25
210000083205, BRG25
210000083206, BRG25
210000083207, BRG25
210000083208, BRG25
210000083209, BRG25
210000083210, BRG25
210000083219, BRG25
210000083220, BRG25
210000083196, BRG25
210000093092, BRG25
210000093093, BRG25
210000093354, BRG25
210000093090, BRG25
210000093089, BRG25
210000093091, BRG25
210000133887, BRG25
210000133899, BRG25
210000133897, BRG25
210000133902, BRG25
210000133890, BRG25
210000133905, BRG25
210000097601, BRG25
210000097602, BRG25
210000106100, BRG25
210000106099, BRG25
210000117304, BRG25
210000097146, BRG25
210000097144, BRG25
210000100465, BRG25
210000100466, BRG25
210000100467, BRG25
210000100474, BRG25
210000100483, BRG25
210000117293, BRG25
210000109793, BRG25
210000109856, BRG25
210000117300, BRG25
210000117301, BRG25
210000117295, BRG25
210000117296, BRG25
210000117297, BRG25
210000101989, BRG25
210000117294, BRG25
210000117298, BRG25
210000117299, BRG25
210000118045, BRG25
210000130655, BRG25
210000100476, BRG25
210000100477, BRG25
210000100478, BRG25
210000100484, BRG25
210000100485, BRG25
210000100482, BRG25
210000100471, BRG25
210000100480, BRG25
210000100479, BRG25
210000101988, BRG25
210000100473, BRG25
210000100472, BRG25
210000100470, BRG25
210000100469, BRG25
210000056747, BRG25
210000056749, BRG25
210000096027, BRG25
210000096031, BRG25
210000096033, BRG25
210000096035, BRG25
210000096037, BRG25
210000096039, BRG25
210000096041, BRG25
210000096043, BRG25
210000096067, BRG25
210000096069, BRG25
210000096071, BRG25
210000096073, BRG25
210000096029, BRG25
210000096045, BRG25
210000096047, BRG25
210000096051, BRG25
210000096053, BRG25
210000096055, BRG25
210000096057, BRG25
210000096059, BRG25
210000096061, BRG25
210000096063, BRG25
210000096065, BRG25
210000096075, BRG25
210000096077, BRG25
210000096079, BRG25
210000096081, BRG25
210000096083, BRG25
210000096085, BRG25
210000096049, BRG25
210000099420, BRG25
210000099428, BRG25
210000099427, BRG25
210000099429, BRG25
210000099423, BRG25
210000107130, BRG25
210000107137, BRG25
210000107129, BRG25
210000113562, BRG25
210000113560, BRG25
210000113561, BRG25
210000107131, BRG25
210000107138, BRG25
210000107128, BRG25
210000114355, BRG25
210000114386, BRG25
210000114388, BRG25
210000117320, BRG25
210000131555, BRG25
210000131546, BRG25
210000131545, BRG25
210000131547, BRG25
210000131553, BRG25
210000131549, BRG25
210000131550, BRG25
210000131552, BRG25
210000131557, BRG25
210000131548, BRG25
210000131556, BRG25
210000131558, BRG25
210000113845, BRG25
210000107133, BRG25
210000107143, BRG25
210000113903, BRG25
210000113904, BRG25
210000114384, BRG25
210000131856, BRG25
210000131860, BRG25
210000131858, BRG25
210000131861, BRG25
210000131857, BRG25
210000131859, BRG25
210000114387, BRG25
210000132310, BRG25
210000100423, BRG25
210000100426, BRG25
210000100424, BRG25
210000100427, BRG25
210000100422, BRG25
210000100428, BRG25
210000100425, BRG25
210000114518, BRG25
210000114519, BRG25
210000114520, BRG25
210000114521, BRG25
210000114522, BRG25
210000114523, BRG25
210000116483, BRG25
210000131958, BRG25
210000131957, BRG25
210000131959, BRG25
210000134461, BRG25
210000134462, BRG25
210000134463, BRG25
210000134464, BRG25
210000134465, BRG25
210000114664, BRG25
210000114665, BRG25
210000114666, BRG25
210000114667, BRG25
210000114668, BRG25
210000132344, BRG25
210000113574, BRG25
210000113575, BRG25
210000113576, BRG25
210000113577, BRG25
210000114512, BRG25
210000114513, BRG25
210000114514, BRG25
210000114515, BRG25
210000114516, BRG25
210000114517, BRG25
210000118535, BRG25
210000118902, BRG25
210000118899, BRG25
210000118901, BRG25
210000118900, BRG25
210000118903, BRG25
210000118904, BRG25
210000120046, BRG25
210000119379, BRG25
210000119378, BRG25
210000125114, BRG25
210000127266, BRG25
210000127784, BRG25
210000127783, BRG25
210000127839, BRG25
210000131943, BRG25
210000133932, BRG25
210000133952, BRG25
210000133963, BRG25
210000133961, BRG25
210000133962, BRG25
210000134235, BRG25
210000134571, BRG25
210000097388, BRG25
210000087083, BRG25
210000087084, BRG25
210000087081, BRG25
210000113801, BRG25
210000114385, BRG25
210000116477, BRG25
210000091865, BRG25
210000091867, BRG25
210000097387, BRG25
210000087082, BRG25
210000097387, BRG25
210000093949, BRG25
210000093950, BRG25
210000093333, BRG25
210000088301, BRG25
210000088299, BRG25
210000093951, BRG25
210000088303, BRG25
210000088297, BRG25
210000088305, BRG25
210000093334, BRG25
210000117969, BRG25
210000117970, BRG25
210000117971, BRG25
210000117997, BRG25
210000117998, BRG25
210000095043, BRG25
210000093434, BRG25
210000094183, BRG25
210000093435, BRG25
210000095368, BRG25
210000095372, BRG25
210000093436, BRG25
210000095356, BRG25
210000095367, BRG25
210000095355, BRG25
210000095369, BRG25
210000095370, BRG25
210000095371, BRG25
210000095042, BRG25
210000095044, BRG25
210000095039, BRG25
210000095040, BRG25
210000095041, BRG25
210000132005, BRG25
210000132006, BRG25
210000132005, BRG25
210000132006, BRG25
210000095047, BRG25
210000095046, BRG25
210000095377, BRG25
210000095379, BRG25
210000095381, BRG25
210000095383, BRG25
210000095385, BRG25
210000095388, BRG25
210000095376, BRG25
210000095380, BRG25
210000095384, BRG25
210000095389, BRG25
210000095378, BRG25
210000095386, BRG25
210000095382, BRG25
210000095049, BRG25
210000095045, BRG25
210000095048, BRG25
210000132338, BRG25
210000132339, BRG25
210000132338, BRG25
210000132339, BRG25
210000111509, BRG25
210000111508, BRG25
210000111506, BRG25
210000111497, BRG25
210000111500, BRG25
210000111503, BRG25
210000111504, BRG25
210000111510, BRG25
210000111511, BRG25
210000111501, BRG25
210000111496, BRG25
210000111499, BRG25
210000111505, BRG25
210000111498, BRG25
210000111507, BRG25
210000111502, BRG25
210000118911, BRG25
210000118912, BRG25
210000131945, BRG25
210000131944, BRG25
210000134447, BRG25
210000134443, BRG25
210000134444, BRG25
210000134445, BRG25
210000134446, BRG25
210000134455, BRG25
210000134460, BRG25
210000137425, BRG25
210000137424, BRG25
210000137427, BRG25
210000137428, BRG25
210000137429, BRG25
210000137426, BRG25
210000111512, BRG25
210000111513, BRG25
210000111516, BRG25
210000111515, BRG25
210000111514, BRG25
210000132345, BRG25
210000088438, BRG25
210000088440, BRG25
210000088442, BRG25
210000088444, BRG25
210000088446, BRG25
210000088448, BRG25
210000116310, BRG25
210000116311, BRG25
210000116312, BRG25
210000130540, BRG25
210000130538, BRG25
210000130539, BRG25
210000130541, BRG25
210000130542, BRG25
210000134705, BRG25
210000134712, BRG25
210000135421, BRG25
210000068583, BRG25
210000073405, BRG25
210000073408, BRG25
210000054037, BRG25
210000054039, BRG25
210000054041, BRG25
210000054047, BRG25
210000073404, BRG25
210000087270, BRG25
210000087274, BRG25
210000073407, BRG25
210000087271, BRG25
210000087272, BRG25
210000054045, BRG25
210000087273, BRG25
210000073403, BRG25
210000054025, BRG25
210000073406, BRG25
210000054057, BRG25
210000054023, BRG25
210000083536, BRG25
210000114123, BRG25
210000087194, BRG25
210000087193, BRG25
210000087192, BRG25
210000087191, BRG25
210000087190, BRG25
210000087189, BRG25
210000087188, BRG25
210000087180, BRG25
210000087179, BRG25
210000087177, BRG25
210000093348, BRG25
210000087184, BRG25
210000087185, BRG25
210000093350, BRG25
210000099514, BRG25
210000087181, BRG25
210000087186, BRG25
210000093349, BRG25
210000087187, BRG25
210000087183, BRG25
210000087178, BRG25
210000087182, BRG25
210000087241, BRG25
210000087244, BRG25
210000087246, BRG25
210000087249, BRG25
210000087242, BRG25
210000087243, BRG25
210000087251, BRG25
210000087250, BRG25
210000087248, BRG25
210000087252, BRG25
210000087245, BRG25
210000087247, BRG25
210000106480, BRG25
210000113900, BRG25
210000113901, BRG25
210000113902, BRG25
210000097656, BRG25
210000097680, BRG25
210000097676, BRG25
210000097674, BRG25
210000097678, BRG25
210000097679, BRG25
210000113899, BRG25
210000106479, BRG25
210000109479, BRG25
210000097658, BRG25
210000097672, BRG25
210000097668, BRG25
210000109478, BRG25
210000131030, BRG25
210000131738, BRG25
210000131740, BRG25
210000131739, BRG25
210000131741, BRG25
210000106481, BRG25
210000107135, BRG25
210000114254, BRG25
210000114255, BRG25
210000114709, BRG25
210000114710, BRG25
210000114711, BRG25
210000114712, BRG25
210000114713, BRG25
210000114714, BRG25
210000114715, BRG25
210000114716, BRG25
210000130591, BRG25
210000130601, BRG25
210000130599, BRG25
210000130598, BRG25
210000130600, BRG25
210000130602, BRG25
210000130604, BRG25
210000130605, BRG25
210000130603, BRG25
210000132278, BRG25
210000132273, BRG25
210000132272, BRG25
210000132275, BRG25
210000132277, BRG25
210000132276, BRG25
210000132280, BRG25
210000132291, BRG25
210000132282, BRG25
210000132286, BRG25
210000132287, BRG25
210000132281, BRG25
210000132283, BRG25
210000132285, BRG25
210000132288, BRG25
210000132290, BRG25
210000132293, BRG25
210000132292, BRG25
210000132284, BRG25
210000108980, BRG25
210000108986, BRG25
210000108989, BRG25
210000108992, BRG25
210000108993, BRG25
210000108994, BRG25
210000108978, BRG25
210000108987, BRG25
210000108990, BRG25
210000108996, BRG25
210000108982, BRG25
210000108997, BRG25
210000108998, BRG25
210000108984, BRG25
210000108988, BRG25
210000108995, BRG25
210000108979, BRG25
210000108981, BRG25
210000108991, BRG25
210000108983, BRG25
210000108985, BRG25
210000116682, BRG25
210000116683, BRG25
210000116684, BRG25
210000116685, BRG25
210000116686, BRG25
210000116687, BRG25
210000116688, BRG25
210000116689, BRG25
210000118042, BRG25
210000118043, BRG25
210000118913, BRG25
210000131940, BRG25
210000137408, BRG25
210000137409, BRG25
210000137423, BRG25
210000108970, BRG25
210000108971, BRG25
210000108972, BRG25
210000108973, BRG25
210000108969, BRG25
210000108974, BRG25
210000108975, BRG25
210000108977, BRG25
210000108976, BRG25
210000130529, BRG25
210000091589, BRG25
210000091591, BRG25
210000091593, BRG25
210000091595, BRG25
210000091597, BRG25
210000091599, BRG25
210000091603, BRG25
210000091605, BRG25
210000091607, BRG25
210000091609, BRG25
210000091586, BRG25
210000091601, BRG25
210000097248, BRG25
210000109476, BRG25
210000109477, BRG25
210000116634, BRG25
210000134529, BRG25
210000116638, BRG25
210000116637, BRG25
210000131852, BRG25
210000131854, BRG25
210000131853, BRG25
210000131855, BRG25
210000116635, BRG25
210000070739, BRG25
210000070740, BRG25
210000070741, BRG25
210000070742, BRG25
210000070743, BRG25
210000070804, BRG25
210000070809, BRG25
210000070811, BRG25
210000080106, BRG25
210000080107, BRG25
210000080108, BRG25
210000080109, BRG25
210000080110, BRG25
210000080111, BRG25
210000080112, BRG25
210000080113, BRG25
210000080114, BRG25
210000080115, BRG25
210000080116, BRG25
210000080117, BRG25
210000080118, BRG25
210000080119, BRG25
210000079606, BRG25
210000070803, BRG25
210000074896, BRG25
210000074894, BRG25
210000074895, BRG25
210000074899, BRG25
210000074900, BRG25
210000069065, BRG25
210000069066, BRG25
210000069068, BRG25
210000069067, BRG25
210000074897, BRG25
210000074898, BRG25
210000074901, BRG25
210000069060, BRG25
210000068917, BRG25
210000069023, BRG25
210000069063, BRG25
210000069022, BRG25
210000069061, BRG25
210000069062, BRG25
210000069058, BRG25
210000069059, BRG25
210000069064, BRG25
210000074902, BRG25
210000068914, BRG25
210000068916, BRG25
210000069073, BRG25
210000068915, BRG25
210000069038, BRG25
210000117243, BRG25
210000117244, BRG25
210000117245, BRG25
210000117246, BRG25
210000117247, BRG25
210000117248, BRG25
210000117250, BRG25
210000117251, BRG25
210000117252, BRG25
210000117253, BRG25
210000117254, BRG25
210000117276, BRG25
210000117316, BRG25
210000117319, BRG25
210000117326, BRG25
210000131790, BRG25
210000131791, BRG25
210000131795, BRG25
210000131796, BRG25
210000131788, BRG25
210000131789, BRG25
210000131793, BRG25
210000131794, BRG25
210000131792, BRG25
210000131797, BRG25
210000131798, BRG25
210000131799, BRG25
210000117249, BRG25
210000117277, BRG25
210000117278, BRG25
210000117317, BRG25
210000117318, BRG25
210000117985, BRG25
210000118040, BRG25
210000118041, BRG25
210000131888, BRG25
210000131883, BRG25
210000131885, BRG25
210000131889, BRG25
210000131882, BRG25
210000131884, BRG25
210000131886, BRG25
210000131887, BRG25
210000131890, BRG25
210000096724, BRG25
210000096729, BRG25
210000096715, BRG25
210000096718, BRG25
210000096723, BRG25
210000096725, BRG25
210000096728, BRG25
210000096716, BRG25
210000096719, BRG25
210000096722, BRG25
210000105119, BRG25
210000105118, BRG25
210000105117, BRG25
210000105120, BRG25
210000105121, BRG25
210000096721, BRG25
210000096720, BRG25
210000096717, BRG25
210000096726, BRG25
210000096727, BRG25
210000070733, BRG25
210000087300, BRG25
210000087301, BRG25
210000070734, BRG25
210000070735, BRG25
210000054067, BRG25
210000054065, BRG25
210000055985, BRG25
210000087303, BRG25
210000132190, BRG25
210000132192, BRG25
210000132193, BRG25
210000132195, BRG25
210000132191, BRG25
210000132194, BRG25
210000127090, BRG25
210000127085, BRG25
210000127086, BRG25
210000082258, BRG25
210000082257, BRG25
210000082259, BRG25
210000087302, BRG25
210000087299, BRG25
210000087298, BRG25
210000080154, BRG25
210000080155, BRG25
210000080157, BRG25
210000080156, BRG25
210000080153, BRG25
210000080158, BRG25
210000070767, BRG25
210000070771, BRG25
210000055989, BRG25
210000053985, BRG25
210000053989, BRG25
210000053987, BRG25
210000071822, BRG25
210000076713, BRG25
210000072752, BRG25
210000053975, BRG25
210000114686, BRG25
210000114688, BRG25
210000079805, BRG25
210000053979, BRG25
210000114687, BRG25
210000071601, BRG25
210000114684, BRG25
210000053977, BRG25
210000053973, BRG25
210000114685, BRG25
210000053983, BRG25
210000070768, BRG25
210000070736, BRG25
210000070773, BRG25
210000053981, BRG25
210000080104, BRG25
210000080096, BRG25
210000080097, BRG25
210000080100, BRG25
210000080101, BRG25
210000080105, BRG25
210000080098, BRG25
210000080099, BRG25
210000080102, BRG25
210000080103, BRG25
210000128305, BRG25
210000132129, BRG25
210000132130, BRG25
210000132131, BRG25
210000132132, BRG25
210000132137, BRG25
210000132270, BRG25
210000132406, BRG25
210000132404, BRG25
210000132407, BRG25
210000132405, BRG25
210000132450, BRG25
210000132475, BRG25
210000117945, BRG25
210000117946, BRG25
210000117947, BRG25
210000117948, BRG25
210000130550, BRG25
210000131511, BRG25
210000131512, BRG25
210000131513, BRG25
210000131514, BRG25
210000131515, BRG25
210000131516, BRG25
210000131517, BRG25
210000132313, BRG25
210000132311, BRG25
210000132314, BRG25
210000132315, BRG25
210000132312, BRG25
210000134707, BRG25
210000097236, BRG25
210000097228, BRG25
210000097247, BRG25
210000097237, BRG25
210000097245, BRG25
210000097233, BRG25
210000109937, BRG25
210000097231, BRG25
210000097235, BRG25
210000097229, BRG25
210000097234, BRG25
210000097230, BRG25
210000097238, BRG25
210000097246, BRG25
210000097232, BRG25
210000106075, BRG25
210000109938, BRG25
210000131702, BRG25
210000131703, BRG25
210000131704, BRG25
210000131705, BRG25
210000131706, BRG25
210000131707, BRG25
210000114391, BRG25
210000091515, BRG25
210000091517, BRG25
210000091519, BRG25
210000091523, BRG25
210000091525, BRG25
210000091527, BRG25
210000091531, BRG25
210000091535, BRG25
210000091537, BRG25
210000091539, BRG25
210000091541, BRG25
210000091545, BRG25
210000091529, BRG25
210000091547, BRG25
210000091543, BRG25
210000091533, BRG25
210000091551, BRG25
210000091549, BRG25
210000091553, BRG25
210000091521, BRG25
210000093377, BRG25
210000091571, BRG25
210000091569, BRG25
210000091567, BRG25
210000091557, BRG25
210000091561, BRG25
210000091565, BRG25
210000091575, BRG25
210000091583, BRG25
210000091577, BRG25
210000091581, BRG25
210000091573, BRG25
210000103594, BRG25
210000091555, BRG25
210000091563, BRG25
210000090554, BRG25
210000088366, BRG25
210000095943, BRG25
210000088370, BRG25
210000088368, BRG25
210000090099, BRG25
210000088356, BRG25
210000088354, BRG25
210000088358, BRG25
210000090100, BRG25
210000088339, BRG25
210000109462, BRG25
210000109463, BRG25
210000109461, BRG25
210000088346, BRG25
210000109460, BRG25
210000088341, BRG25
210000132199, BRG25
210000132197, BRG25
210000132198, BRG25
210000088364, BRG25
210000088362, BRG25
210000088360, BRG25
210000088352, BRG25
210000088350, BRG25
210000088348, BRG25
210000088390, BRG25
210000088386, BRG25
210000088388, BRG25
210000088384, BRG25
210000088380, BRG25
210000088382, BRG25
210000132318, BRG25
210000132319, BRG25
210000132317, BRG25
210000088372, BRG25
210000088378, BRG25
210000088376, BRG25
210000088374, BRG25
210000067764, BRG25
210000067770, BRG25
210000067768, BRG25
210000067766, BRG25
210000067618, BRG25
210000067616, BRG25
210000067614, BRG25
210000067612, BRG25
210000077550, BRG25
210000077551, BRG25
210000077552, BRG25
210000087356, BRG25
210000087168, BRG25
210000087175, BRG25
210000087160, BRG25
210000132431, BRG25
210000087159, BRG25
210000087158, BRG25
210000087164, BRG25
210000087163, BRG25
210000087162, BRG25
210000087166, BRG25
210000087169, BRG25
210000087161, BRG25
210000087165, BRG25
210000087167, BRG25
210000087173, BRG25
210000087171, BRG25
210000087174, BRG25
210000087176, BRG25
210000087172, BRG25
210000087170, BRG25
210000107924, BRG25
210000091883, BRG25
210000091881, BRG25
210000091875, BRG25
210000091873, BRG25
210000091879, BRG25
210000091877, BRG25
210000130719, BRG25
210000117567, BRG25
210000118724, BRG25
210000119943, BRG25
210000117568, BRG25
210000114537, BRG25
210000114538, BRG25
210000114539, BRG25
210000114540, BRG25
210000114541, BRG25
210000114542, BRG25
210000114543, BRG25
210000114544, BRG25
210000114545, BRG25
210000114546, BRG25
210000114547, BRG25
210000114548, BRG25
210000114549, BRG25
210000114550, BRG25
210000114551, BRG25
210000132425, BRG25
210000132424, BRG25
210000132423, BRG25
210000132426, BRG25
210000132428, BRG25
210000132427, BRG25
210000070710, BRG25
210000070711, BRG25
210000070712, BRG25
210000070713, BRG25
210000070709, BRG25
210000093366, BRG25
210000093367, BRG25
210000093368, BRG25
210000097204, BRG25
210000087078, BRG25
210000087076, BRG25
210000087077, BRG25
210000131630, BRG25
210000131631, BRG25
210000107713, BRG25
210000107718, BRG25
210000107714, BRG25
210000107717, BRG25
210000107716, BRG25
210000107715, BRG25
210000106457, BRG25
210000107719, BRG25
210000107720, BRG25
210000107721, BRG25
210000106458, BRG25
210000124461, BRG25
210000130518, BRG25
210000130519, BRG25
210000130520, BRG25
210000130546, BRG25
210000130547, BRG25
210000130548, BRG25
210000131942, BRG25
210000107724, BRG25
210000109481, BRG25
210000107722, BRG25
210000107723, BRG25
210000107725, BRG25
210000093097, BRG25
210000093098, BRG25
210000093099, BRG25
210000093100, BRG25
210000093101, BRG25
210000093102, BRG25
210000093103, BRG25
210000093106, BRG25
210000093107, BRG25
210000093144, BRG25
210000108406, BRG25
210000093104, BRG25
210000108405, BRG25
210000108403, BRG25
210000108404, BRG25
210000093105, BRG25
210000124440, BRG25
210000124441, BRG25
210000124442, BRG25
210000124443, BRG25
210000132388, BRG25
210000071074, BRG25
210000070674, BRG25
210000070675, BRG25
210000071075, BRG25
210000070792, BRG25
210000092413, BRG25
210000113563, BRG25
210000113565, BRG25
210000131544, BRG25
210000131607, BRG25
210000132356, BRG25
210000132357, BRG25
210000097195, BRG25
210000091887, BRG25
210000097197, BRG25
210000107134, BRG25
210000106476, BRG25
210000131867, BRG25
210000131868, BRG25
210000131866, BRG25
210000131864, BRG25
210000091363, BRG25
210000091389, BRG25
210000091381, BRG25
210000091359, BRG25
210000091379, BRG25
210000091377, BRG25
210000091375, BRG25
210000091357, BRG25
210000091349, BRG25
210000091355, BRG25
210000091353, BRG25
210000091373, BRG25
210000091397, BRG25
210000091391, BRG25
210000091383, BRG25
210000091395, BRG25
210000127155, BRG25
210000127152, BRG25
210000127154, BRG25
210000127153, BRG25
210000130609, BRG25
210000130607, BRG25
210000130610, BRG25
210000130608, BRG25
210000091387, BRG25
210000091393, BRG25
210000091371, BRG25
210000091369, BRG25
210000091385, BRG25
210000091367, BRG25
210000091365, BRG25
210000067832, BRG25
210000096705, BRG25
210000096706, BRG25
210000096707, BRG25
210000096708, BRG25
210000096709, BRG25
210000096710, BRG25
210000096711, BRG25
210000096712, BRG25
210000096713, BRG25
210000096714, BRG25
210000105123, BRG25
210000105124, BRG25
210000105125, BRG25
210000105122, BRG25
210000083200, BRG25
210000083211, BRG25
210000083201, BRG25
210000108402, BRG25
210000083202, BRG25
210000083203, BRG25
210000083218, BRG25
210000108400, BRG25
210000083217, BRG25
210000108399, BRG25
210000108401, BRG25
210000083214, BRG25
210000083215, BRG25
210000083212, BRG25
210000083213, BRG25
210000083216, BRG25
210000119149, BRG25
210000119151, BRG25
210000119152, BRG25
210000119153, BRG25
210000093353, BRG25
210000093138, BRG25
210000093140, BRG25
210000107712, BRG25
210000093139, BRG25
210000133915, BRG25
210000133916, BRG25
210000133972, BRG25
210000105111, BRG25
210000105112, BRG25
210000104996, BRG25
210000104997, BRG25
210000096673, BRG25
210000096672, BRG25
210000096675, BRG25
210000096674, BRG25
210000105108, BRG25
210000105109, BRG25
210000105110, BRG25
210000072928, BRG25
210000069991, BRG25
210000069992, BRG25
210000069993, BRG25
210000069995, BRG25
210000069994, BRG25
210000069990, BRG25
210000069988, BRG25
210000069989, BRG25
210000113578, BRG25
210000113579, BRG25
210000113580, BRG25
210000113586, BRG25
210000113584, BRG25
210000113581, BRG25
210000113585, BRG25
210000113582, BRG25
210000113583, BRG25
210000119410, BRG25
210000133953, BRG25
210000136232, BRG25
210000133894, BRG25
210000133910, BRG25
210000133911, BRG25
210000133912, BRG25
210000094377, BRG25
210000094378, BRG25
210000094380, BRG25
210000094381, BRG25
210000094382, BRG25
210000094383, BRG25
210000094384, BRG25
210000094376, BRG25
210000094375, BRG25
210000094379, BRG25
210000096690, BRG25
210000096691, BRG25
210000096692, BRG25
210000096693, BRG25
210000096696, BRG25
210000096698, BRG25
210000096699, BRG25
210000096701, BRG25
210000096702, BRG25
210000096703, BRG25
210000096704, BRG25
210000105126, BRG25
210000105127, BRG25
210000105128, BRG25
210000105129, BRG25
210000096700, BRG25
210000096695, BRG25
210000096697, BRG25
210000096694, BRG25
210000128306, BRG25
210000128921, BRG25
210000128922, BRG25
210000128923, BRG25
210000128924, BRG25
210000132420, BRG25
210000132421, BRG25
210000117949, BRG25
210000117950, BRG25
210000117951, BRG25
210000134706, BRG25
210000134708, BRG25
210000134709, BRG25
210000134710, BRG25
210000134711, BRG25
210000134715, BRG25
210000093117, BRG25
210000093122, BRG25
210000093123, BRG25
210000093121, BRG25
210000093124, BRG25
210000093145, BRG25
210000108408, BRG25
210000108412, BRG25
210000108407, BRG25
210000108414, BRG25
210000108410, BRG25
210000108413, BRG25
210000108409, BRG25
210000108411, BRG25
210000093120, BRG25
210000093118, BRG25
210000093119, BRG25
210000108056, BRG25
210000108057, BRG25
210000108058, BRG25
210000108059, BRG25
210000132403, BRG25
210000132402, BRG25
210000132400, BRG25
210000132401, BRG25
210000107215, BRG25
210000107212, BRG25
210000107213, BRG25
210000116700, BRG25
210000107214, BRG25
210000116698, BRG25
210000116701, BRG25
210000116699, BRG25
210000119168, BRG25
210000119167, BRG25
210000119169, BRG25
210000119170, BRG25
210000119171, BRG25
210000124733, BRG25
210000132187, BRG25
210000132188, BRG25
210000133874, BRG25
210000132186, BRG25
210000107216, BRG25
210000107219, BRG25
210000107221, BRG25
210000107220, BRG25
210000107218, BRG25
210000107223, BRG25
210000107217, BRG25
210000107222, BRG25
210000132224, BRG25
210000132225, BRG25
210000132226, BRG25
210000132227, BRG25
210000132228, BRG25
210000132229, BRG25
210000132230, BRG25
210000132231, BRG25
210000132232, BRG25
210000132233, BRG25
210000132234, BRG25
210000132235, BRG25
210000132395, BRG25
210000132397, BRG25
210000133219, BRG25
210000133220, BRG25
210000133221, BRG25
210000133222, BRG25
210000133223, BRG25
210000135089, BRG25
210000135088, BRG25
210000136235, BRG25
210000111789, BRG25
210000119159, BRG25
210000119160, BRG25
210000119161, BRG25
210000130930, BRG25
210000130929, BRG25
210000130931, BRG25
210000088264, BRG25
210000088266, BRG25
210000088268, BRG25
210000088270, BRG25
210000093335, BRG25
210000088272, BRG25
210000088276, BRG25
210000093339, BRG25
210000093826, BRG25
210000093336, BRG25
210000088284, BRG25
210000093337, BRG25
210000088274, BRG25
210000088288, BRG25
210000088286, BRG25
210000095460, BRG25
210000088282, BRG25
210000088280, BRG25
210000088337, BRG25
210000088335, BRG25
210000088333, BRG25
210000088331, BRG25
210000088329, BRG25
210000088327, BRG25
210000093340, BRG25
210000093341, BRG25
210000088309, BRG25
210000088315, BRG25
210000088313, BRG25
210000093342, BRG25
210000127148, BRG25
210000127149, BRG25
210000127150, BRG25
210000127151, BRG25
210000127144, BRG25
210000127145, BRG25
210000127146, BRG25
210000127147, BRG25
210000127134, BRG25
210000127135, BRG25
210000127136, BRG25
210000130721, BRG25
210000130722, BRG25
210000130723, BRG25
210000130724, BRG25
210000133378, BRG25
210000127138, BRG25
210000127139, BRG25
210000127140, BRG25
210000127137, BRG25
210000107192, BRG25
210000107197, BRG25
210000107201, BRG25
210000107200, BRG25
210000107194, BRG25
210000107198, BRG25
210000107199, BRG25
210000107193, BRG25
210000107196, BRG25
210000107195, BRG25
210000116690, BRG25
210000116693, BRG25
210000116692, BRG25
210000116694, BRG25
210000119163, BRG25
210000119164, BRG25
210000119162, BRG25
210000119165, BRG25
210000119166, BRG25
210000130932, BRG25
210000130933, BRG25
210000132014, BRG25
210000132013, BRG25
210000132012, BRG25
210000132173, BRG25
210000133956, BRG25
210000133954, BRG25
210000133955, BRG25
210000134450, BRG25
210000134730, BRG25
210000134931, BRG25
210000134930, BRG25
210000107207, BRG25
210000107206, BRG25
210000116697, BRG25
210000107211, BRG25
210000107210, BRG25
210000116695, BRG25
210000107208, BRG25
210000117239, BRG25
210000107203, BRG25
210000107204, BRG25
210000107202, BRG25
210000107205, BRG25
210000107209, BRG25
210000116696, BRG25
210000132169, BRG25
210000132171, BRG25
210000132170, BRG25
210000132172, BRG25
210000119174, BRG25
210000119173, BRG25
210000119172, BRG25
210000119175, BRG25
210000080072, BRG25
210000080076, BRG25
210000080080, BRG25
210000080081, BRG25
210000080084, BRG25
210000080085, BRG25
210000080086, BRG25
210000080087, BRG25
210000087111, BRG25
210000087114, BRG25
210000087115, BRG25
210000087118, BRG25
210000087119, BRG25
210000087117, BRG25
210000080083, BRG25
210000080074, BRG25
210000087120, BRG25
210000087112, BRG25
210000080073, BRG25
210000080078, BRG25
210000087116, BRG25
210000080077, BRG25
210000080079, BRG25
210000080071, BRG25
210000080082, BRG25
210000087113, BRG25
210000080075, BRG25
